BEGIN TRANSACTION;
CREATE TABLE "statApi_starter" ("id" integer NOT NULL PRIMARY KEY AUTOINCREMENT, "protein" varchar(100) NOT NULL, "side" varchar(100) NOT NULL, "proteinStyle" varchar(100) NOT NULL, "sideStyle" varchar(100) NOT NULL);
INSERT INTO `statApi_starter` VALUES (1,'salmon','potato','smoked','mashed');
INSERT INTO `statApi_starter` VALUES (2,'chicken liver','onion','pate','crostini');
INSERT INTO `statApi_starter` VALUES (3,'salmon','oat','pate','cake');
INSERT INTO `statApi_starter` VALUES (4,'cheese','chilli','toast','jus');
INSERT INTO `statApi_starter` VALUES (5,'mushroom','watercress','cream','pancake');
INSERT INTO `statApi_starter` VALUES (6,'garlic','mushroom','roasted','roasted');
INSERT INTO `statApi_starter` VALUES (7,'rabbit','cheddar','sliced','melted');
INSERT INTO `statApi_starter` VALUES (8,'chicken','soy sauce','pandan','sweet');
INSERT INTO `statApi_starter` VALUES (9,'seafood','chutney','spiced','chilled');
INSERT INTO `statApi_starter` VALUES (10,'goat cheese','onion','tart','caramelised');
INSERT INTO `statApi_starter` VALUES (11,'pork','bread','pulled','crusty');
INSERT INTO `statApi_starter` VALUES (12,'lamb','salad','kabab','shirazi');
INSERT INTO `statApi_starter` VALUES (13,'prawn','sweet chilli','coconut crumbed','sauce');
INSERT INTO `statApi_starter` VALUES (14,'chicken','lamb','pasties','pasties');
INSERT INTO `statApi_starter` VALUES (15,'haddock','none','croquettes','none');
INSERT INTO `statApi_starter` VALUES (16,'mushroom','bread','stuffed','baked');
INSERT INTO `statApi_starter` VALUES (17,'chicken','bread','soup','baked');
INSERT INTO `statApi_starter` VALUES (18,'chicken','slaw','singaporean','cold');
INSERT INTO `statApi_starter` VALUES (19,'lamb','shrimp','skewered','crusted');
INSERT INTO `statApi_starter` VALUES (20,'chicken liver','tomato','pate','chutney');
INSERT INTO `statApi_starter` VALUES (21,'salmon','filo','thai','parcels');
INSERT INTO `statApi_starter` VALUES (22,'egg','superfood','poached','salad');
INSERT INTO `statApi_starter` VALUES (23,'spinach','sage','ravioli','sauce');
INSERT INTO `statApi_starter` VALUES (24,'mushroom','onion','stuffed','relish');
INSERT INTO `statApi_starter` VALUES (25,'fish','chips','fried','fried');
INSERT INTO `statApi_starter` VALUES (26,'shrimp','goat cheese','skewered','flatbread');
INSERT INTO `statApi_starter` VALUES (27,'bacon','potato','fried','fried');
INSERT INTO `statApi_starter` VALUES (28,'fish','salad','cake','raw');
INSERT INTO `statApi_starter` VALUES (29,'leek','none','soup','none');
INSERT INTO `statApi_starter` VALUES (30,'mackerel','focaccia','pate','baked');
INSERT INTO `statApi_starter` VALUES (31,'goat cheese','bread','salad','baked');
INSERT INTO `statApi_starter` VALUES (32,'seafood','courgette','linguine','spiralised');
INSERT INTO `statApi_starter` VALUES (33,'zurek','fish','soup','cake');
INSERT INTO `statApi_starter` VALUES (34,'bratwurst','salad','grilled','raw');
INSERT INTO `statApi_starter` VALUES (35,'goat cheese','onion','tart','caramelised');
INSERT INTO `statApi_starter` VALUES (36,'chicken','pepper','roulade','stuffed');
INSERT INTO `statApi_starter` VALUES (37,'black pudding','apple','bonbon','puree');
INSERT INTO `statApi_starter` VALUES (38,'chicken','lemon','smoked','pots');
INSERT INTO `statApi_starter` VALUES (39,'black pudding','chutney','pakora','homemade');
INSERT INTO `statApi_starter` VALUES (40,'scallops','bacon','sautee','fried');
INSERT INTO `statApi_starter` VALUES (41,'cheese','apple','souffle','salad');
INSERT INTO `statApi_starter` VALUES (42,'shrimp','vegetable','tempura','tempura');
INSERT INTO `statApi_starter` VALUES (43,'pepper','tomato','stuffed','roasted');
INSERT INTO `statApi_starter` VALUES (44,'chicken','fish','sticky','fried');
INSERT INTO `statApi_starter` VALUES (45,'shrimp','crackers','cocktail','none');
CREATE TABLE "statApi_results" ("id" integer NOT NULL PRIMARY KEY AUTOINCREMENT, "oppAVote" integer NOT NULL, "oppBVote" integer NOT NULL, "outcome" varchar(15) NOT NULL, "couple_id" integer NOT NULL REFERENCES "statApi_couple" ("id"), "totalScore" integer NOT NULL);
INSERT INTO `statApi_results` VALUES (1,14,15,'1st',1,29);
INSERT INTO `statApi_results` VALUES (2,14,14,'2nd',2,28);
INSERT INTO `statApi_results` VALUES (3,13,15,'2nd',3,28);
INSERT INTO `statApi_results` VALUES (4,15,12,'1st',4,27);
INSERT INTO `statApi_results` VALUES (5,11,14,'3rd',5,25);
INSERT INTO `statApi_results` VALUES (6,12,15,'1st',6,27);
INSERT INTO `statApi_results` VALUES (7,14,12,'3rd',7,26);
INSERT INTO `statApi_results` VALUES (8,15,15,'1st',8,30);
INSERT INTO `statApi_results` VALUES (9,15,15,'1st',9,30);
INSERT INTO `statApi_results` VALUES (10,13,14,'1st',10,27);
INSERT INTO `statApi_results` VALUES (11,13,12,'3rd',11,25);
INSERT INTO `statApi_results` VALUES (12,13,12,'3rd',12,25);
INSERT INTO `statApi_results` VALUES (13,13,13,'1st',13,26);
INSERT INTO `statApi_results` VALUES (14,13,12,'2nd',14,25);
INSERT INTO `statApi_results` VALUES (15,12,12,'3rd',15,24);
INSERT INTO `statApi_results` VALUES (16,17,17,'1st',16,34);
INSERT INTO `statApi_results` VALUES (17,12,14,'3rd',17,26);
INSERT INTO `statApi_results` VALUES (18,15,14,'2nd',18,29);
INSERT INTO `statApi_results` VALUES (19,15,14,'3rd',19,29);
INSERT INTO `statApi_results` VALUES (20,14,16,'2nd',20,30);
INSERT INTO `statApi_results` VALUES (21,16,17,'1st',21,33);
INSERT INTO `statApi_results` VALUES (22,13,13,'3rd',22,26);
INSERT INTO `statApi_results` VALUES (23,16,16,'1st',23,32);
INSERT INTO `statApi_results` VALUES (24,12,13,'3rd',24,25);
INSERT INTO `statApi_results` VALUES (25,12,13,'2nd',25,25);
INSERT INTO `statApi_results` VALUES (26,13,12,'2nd',26,25);
INSERT INTO `statApi_results` VALUES (27,16,16,'1st',27,32);
INSERT INTO `statApi_results` VALUES (28,14,14,'1st',28,28);
INSERT INTO `statApi_results` VALUES (29,13,12,'2nd',29,25);
INSERT INTO `statApi_results` VALUES (30,10,12,'3rd',30,22);
INSERT INTO `statApi_results` VALUES (31,14,14,'1st',31,28);
INSERT INTO `statApi_results` VALUES (32,14,14,'1st',32,28);
INSERT INTO `statApi_results` VALUES (33,13,13,'3rd',33,26);
INSERT INTO `statApi_results` VALUES (34,12,12,'3rd',34,24);
INSERT INTO `statApi_results` VALUES (35,15,15,'1st',35,30);
INSERT INTO `statApi_results` VALUES (36,15,14,'2nd',36,29);
INSERT INTO `statApi_results` VALUES (37,15,14,'2nd',37,29);
INSERT INTO `statApi_results` VALUES (38,16,15,'1st',38,31);
INSERT INTO `statApi_results` VALUES (39,14,15,'2nd',39,29);
INSERT INTO `statApi_results` VALUES (40,13,16,'2nd',40,29);
INSERT INTO `statApi_results` VALUES (41,14,17,'1st',41,31);
INSERT INTO `statApi_results` VALUES (42,15,12,'3rd',42,27);
INSERT INTO `statApi_results` VALUES (43,13,14,'3rd',43,27);
INSERT INTO `statApi_results` VALUES (44,15,16,'1st',44,31);
INSERT INTO `statApi_results` VALUES (45,16,13,'2nd',45,29);
CREATE TABLE "statApi_episode" ("id" integer NOT NULL PRIMARY KEY AUTOINCREMENT, "episodeNumber" integer NOT NULL, "location" varchar(100) NOT NULL, "season" integer NOT NULL);
INSERT INTO `statApi_episode` VALUES (1,5,'Glasgow, Scotland',4);
INSERT INTO `statApi_episode` VALUES (2,6,'Midlands, England',4);
INSERT INTO `statApi_episode` VALUES (3,1,'East Kent, England',4);
INSERT INTO `statApi_episode` VALUES (4,39,'Cheltenham, England',3);
INSERT INTO `statApi_episode` VALUES (5,2,'West Yorkshire, England',4);
INSERT INTO `statApi_episode` VALUES (6,3,'Gloucestershire, England',4);
INSERT INTO `statApi_episode` VALUES (7,7,'East Lancashire, England',4);
INSERT INTO `statApi_episode` VALUES (8,4,'West Midlands, England',4);
INSERT INTO `statApi_episode` VALUES (9,8,'Bedfordshire, England',4);
INSERT INTO `statApi_episode` VALUES (10,9,'Essex, England',4);
INSERT INTO `statApi_episode` VALUES (11,10,'Manchester, England',4);
INSERT INTO `statApi_episode` VALUES (12,11,'West Yorkshire, England',4);
INSERT INTO `statApi_episode` VALUES (13,12,'West Scotland',4);
INSERT INTO `statApi_episode` VALUES (14,13,'Gloucestershire, England',4);
INSERT INTO `statApi_episode` VALUES (15,14,'Northampton, England',4);
CREATE TABLE "statApi_entree" ("id" integer NOT NULL PRIMARY KEY AUTOINCREMENT, "protein" varchar(100) NOT NULL, "side" varchar(100) NOT NULL, "proteinStyle" varchar(100) NOT NULL, "sideStyle" varchar(100) NOT NULL);
INSERT INTO `statApi_entree` VALUES (1,'chicken','sweet corn','honey mustard','pancake');
INSERT INTO `statApi_entree` VALUES (2,'beef','potato','bourguignon','mashed');
INSERT INTO `statApi_entree` VALUES (3,'chicken','potato','glencoe','dauphinoise');
INSERT INTO `statApi_entree` VALUES (4,'beef','potato','wellington','dauphinoise');
INSERT INTO `statApi_entree` VALUES (5,'haddock','potato','smoked','roasted');
INSERT INTO `statApi_entree` VALUES (6,'lamb','veg','roasted','roasted');
INSERT INTO `statApi_entree` VALUES (7,'chicken','lamb','curry','stir fry');
INSERT INTO `statApi_entree` VALUES (8,'seafood','chutney','tikki','chilled');
INSERT INTO `statApi_entree` VALUES (9,'pork','potato','wrapped','roasted');
INSERT INTO `statApi_entree` VALUES (10,'chicken','potato','beer can','mashed');
INSERT INTO `statApi_entree` VALUES (11,'lamb','rice','slow cooked','persian');
INSERT INTO `statApi_entree` VALUES (12,'lamb','veg','shepard''s pie','glazed');
INSERT INTO `statApi_entree` VALUES (13,'beef ribs','sweet potato','barbecue','fries');
INSERT INTO `statApi_entree` VALUES (14,'pork','potato','roasted','mashed');
INSERT INTO `statApi_entree` VALUES (15,'chicken','potato','roulade','dauphinoise');
INSERT INTO `statApi_entree` VALUES (16,'haggis','veg','wellington','baked');
INSERT INTO `statApi_entree` VALUES (17,'salmon','potato','confit','smashed');
INSERT INTO `statApi_entree` VALUES (18,'chicken','rice','curry','jasmine');
INSERT INTO `statApi_entree` VALUES (19,'lamb','potato','slow cooked','mashed');
INSERT INTO `statApi_entree` VALUES (20,'lamb','pitta bread','tagine','baked');
INSERT INTO `statApi_entree` VALUES (21,'lamb','sweet potato','roasted','mashed');
INSERT INTO `statApi_entree` VALUES (22,'chicken','focaccia','fried','baked');
INSERT INTO `statApi_entree` VALUES (23,'lamb','potato','slow cooked','dauphinoise');
INSERT INTO `statApi_entree` VALUES (24,'beef','sweet potato','burger','fries');
INSERT INTO `statApi_entree` VALUES (25,'goat','sweet potato','curry','mashed');
INSERT INTO `statApi_entree` VALUES (26,'lamb','sweet potato','slow cooked','mashed');
INSERT INTO `statApi_entree` VALUES (27,'chicken','potato','roulade','dauphinoise');
INSERT INTO `statApi_entree` VALUES (28,'beef','none','bourguignon','none');
INSERT INTO `statApi_entree` VALUES (29,'pies','none','trio','none');
INSERT INTO `statApi_entree` VALUES (30,'lamb','lamb','shepard''s pie','croquette');
INSERT INTO `statApi_entree` VALUES (31,'lamb','potato','three ways','dauphinoise');
INSERT INTO `statApi_entree` VALUES (32,'chicken','rice','plum sauce','saffron');
INSERT INTO `statApi_entree` VALUES (33,'lamb','potato','roasted','mashed');
INSERT INTO `statApi_entree` VALUES (34,'chicken','new potato','white wine & mushroom sauce','buttered');
INSERT INTO `statApi_entree` VALUES (35,'lamb','potato','grilled','mashed');
INSERT INTO `statApi_entree` VALUES (36,'chicken','orzotto','saltimbocca','saffron');
INSERT INTO `statApi_entree` VALUES (37,'beef','rice','stroganoff','wild');
INSERT INTO `statApi_entree` VALUES (38,'lamb','rice','curry','steamed');
INSERT INTO `statApi_entree` VALUES (39,'venison','potato','seared','duchess');
INSERT INTO `statApi_entree` VALUES (40,'beef','rice','chilli','steamed');
INSERT INTO `statApi_entree` VALUES (41,'chicken','rice','curry','sticky');
INSERT INTO `statApi_entree` VALUES (42,'seafood','none','stew','none');
INSERT INTO `statApi_entree` VALUES (43,'chicken','salad','roasted','raw');
INSERT INTO `statApi_entree` VALUES (44,'chicken','pork','fajitas','carnitas');
CREATE TABLE "statApi_entertainment" ("id" integer NOT NULL PRIMARY KEY AUTOINCREMENT, "description" varchar(100) NOT NULL);
INSERT INTO `statApi_entertainment` VALUES (1,'conversation');
INSERT INTO `statApi_entertainment` VALUES (2,'celebrity masks');
INSERT INTO `statApi_entertainment` VALUES (3,'Indian dancing');
INSERT INTO `statApi_entertainment` VALUES (4,'singing');
INSERT INTO `statApi_entertainment` VALUES (5,'joke telling');
INSERT INTO `statApi_entertainment` VALUES (6,'beauty pagent');
INSERT INTO `statApi_entertainment` VALUES (7,'disco dancing');
INSERT INTO `statApi_entertainment` VALUES (8,'singing');
INSERT INTO `statApi_entertainment` VALUES (9,'impersonations');
INSERT INTO `statApi_entertainment` VALUES (10,'drumming');
INSERT INTO `statApi_entertainment` VALUES (11,'fancy dress');
INSERT INTO `statApi_entertainment` VALUES (12,'silent disco');
INSERT INTO `statApi_entertainment` VALUES (13,'magic tricks');
INSERT INTO `statApi_entertainment` VALUES (14,'German dancing');
INSERT INTO `statApi_entertainment` VALUES (15,'special talents');
INSERT INTO `statApi_entertainment` VALUES (16,'musical performance');
INSERT INTO `statApi_entertainment` VALUES (17,'one man underware dance');
CREATE TABLE "statApi_dessert" ("id" integer NOT NULL PRIMARY KEY AUTOINCREMENT, "secondary" varchar(100) NOT NULL, "main" varchar(100) NOT NULL);
INSERT INTO `statApi_dessert` VALUES (1,'cream','sticky toffee pudding');
INSERT INTO `statApi_dessert` VALUES (2,'mascarpone','shortbread');
INSERT INTO `statApi_dessert` VALUES (3,'torte','chocolate');
INSERT INTO `statApi_dessert` VALUES (4,'tart','cherry');
INSERT INTO `statApi_dessert` VALUES (5,'vanilla ice cream','chocolate fondant');
INSERT INTO `statApi_dessert` VALUES (6,'fruit','mousse');
INSERT INTO `statApi_dessert` VALUES (7,'ice cream','brownie');
INSERT INTO `statApi_dessert` VALUES (8,'ice cream','passion fruit tart');
INSERT INTO `statApi_dessert` VALUES (9,'fruit','syllabub');
INSERT INTO `statApi_dessert` VALUES (10,'raspberry coulis','lemon brulee');
INSERT INTO `statApi_dessert` VALUES (11,'honey soaked berries','brandy chocolate pot');
INSERT INTO `statApi_dessert` VALUES (12,'saffron','rice pudding');
INSERT INTO `statApi_dessert` VALUES (13,'none','banoffee pie');
INSERT INTO `statApi_dessert` VALUES (14,'ice cream','lemon meringue pie');
INSERT INTO `statApi_dessert` VALUES (15,'mixed fruit parfait','chocolate honeycomb');
INSERT INTO `statApi_dessert` VALUES (16,'clotted cream','brownie');
INSERT INTO `statApi_dessert` VALUES (17,'melt cookies','lemon posset');
INSERT INTO `statApi_dessert` VALUES (18,'cucumber sorbet','posh jelly');
INSERT INTO `statApi_dessert` VALUES (19,'ice cream','brownie');
INSERT INTO `statApi_dessert` VALUES (20,'ice cream','apple crepes');
INSERT INTO `statApi_dessert` VALUES (21,'ginger shortbread','lemon posset');
INSERT INTO `statApi_dessert` VALUES (22,'raspberry coulis','oatcakes');
INSERT INTO `statApi_dessert` VALUES (23,'ice cream','chocolate cake');
INSERT INTO `statApi_dessert` VALUES (24,'frosting','carrot cake');
INSERT INTO `statApi_dessert` VALUES (25,'toffee','fruit pavlova');
INSERT INTO `statApi_dessert` VALUES (26,'banana cake','fruit sundae');
INSERT INTO `statApi_dessert` VALUES (27,'ice cream','chocolate balls');
INSERT INTO `statApi_dessert` VALUES (28,'sweets','cookie pizza');
INSERT INTO `statApi_dessert` VALUES (29,'fruit salad','chocolate pots');
INSERT INTO `statApi_dessert` VALUES (30,'cream','chestnut roulade');
INSERT INTO `statApi_dessert` VALUES (31,'thyme shortbread','lemon posset');
INSERT INTO `statApi_dessert` VALUES (32,'none','coffee meringue pie');
INSERT INTO `statApi_dessert` VALUES (33,'strawberry','dew cake');
INSERT INTO `statApi_dessert` VALUES (34,'none','mixed berry strudel');
INSERT INTO `statApi_dessert` VALUES (35,'ice cream','brownie');
INSERT INTO `statApi_dessert` VALUES (36,'cream','strawberry shortcake');
INSERT INTO `statApi_dessert` VALUES (37,'custard','zabaglione');
INSERT INTO `statApi_dessert` VALUES (38,'none','chocolate Irish cream torte');
INSERT INTO `statApi_dessert` VALUES (39,'whisky cream','gulab jamun');
INSERT INTO `statApi_dessert` VALUES (40,'none','tiramisu');
INSERT INTO `statApi_dessert` VALUES (41,'raspberry sorbet','chocolate tart');
INSERT INTO `statApi_dessert` VALUES (42,'strawberry','green tea Swiss roll');
INSERT INTO `statApi_dessert` VALUES (43,'strawberry','meringue');
INSERT INTO `statApi_dessert` VALUES (44,'caramalised pineapple','ice cream');
INSERT INTO `statApi_dessert` VALUES (45,'none','hummingbird cake');
CREATE TABLE "statApi_couplemeal" ("id" integer NOT NULL PRIMARY KEY AUTOINCREMENT, "dessert_id" integer NOT NULL REFERENCES "statApi_dessert" ("id"), "entertainment_id" integer NOT NULL REFERENCES "statApi_entertainment" ("id"), "entree_id" integer NOT NULL REFERENCES "statApi_entree" ("id"), "starter_id" integer NOT NULL REFERENCES "statApi_starter" ("id"));
INSERT INTO `statApi_couplemeal` VALUES (1,1,1,1,1);
INSERT INTO `statApi_couplemeal` VALUES (2,2,1,2,2);
INSERT INTO `statApi_couplemeal` VALUES (3,3,1,3,3);
INSERT INTO `statApi_couplemeal` VALUES (4,4,1,4,4);
INSERT INTO `statApi_couplemeal` VALUES (5,5,1,5,5);
INSERT INTO `statApi_couplemeal` VALUES (6,6,2,4,6);
INSERT INTO `statApi_couplemeal` VALUES (7,7,1,6,7);
INSERT INTO `statApi_couplemeal` VALUES (8,8,3,7,8);
INSERT INTO `statApi_couplemeal` VALUES (9,9,4,8,9);
INSERT INTO `statApi_couplemeal` VALUES (10,10,5,9,10);
INSERT INTO `statApi_couplemeal` VALUES (11,11,5,10,11);
INSERT INTO `statApi_couplemeal` VALUES (12,12,1,11,12);
INSERT INTO `statApi_couplemeal` VALUES (13,13,6,12,13);
INSERT INTO `statApi_couplemeal` VALUES (14,14,1,13,14);
INSERT INTO `statApi_couplemeal` VALUES (15,15,7,14,15);
INSERT INTO `statApi_couplemeal` VALUES (16,16,4,15,16);
INSERT INTO `statApi_couplemeal` VALUES (17,17,9,16,17);
INSERT INTO `statApi_couplemeal` VALUES (18,18,10,17,18);
INSERT INTO `statApi_couplemeal` VALUES (19,19,1,18,19);
INSERT INTO `statApi_couplemeal` VALUES (20,20,11,19,20);
INSERT INTO `statApi_couplemeal` VALUES (21,21,1,20,21);
INSERT INTO `statApi_couplemeal` VALUES (22,22,12,21,22);
INSERT INTO `statApi_couplemeal` VALUES (23,23,1,22,23);
INSERT INTO `statApi_couplemeal` VALUES (24,24,1,23,24);
INSERT INTO `statApi_couplemeal` VALUES (25,25,1,24,25);
INSERT INTO `statApi_couplemeal` VALUES (26,26,1,25,26);
INSERT INTO `statApi_couplemeal` VALUES (27,27,13,26,27);
INSERT INTO `statApi_couplemeal` VALUES (28,28,1,27,28);
INSERT INTO `statApi_couplemeal` VALUES (29,29,1,28,29);
INSERT INTO `statApi_couplemeal` VALUES (30,30,1,29,30);
INSERT INTO `statApi_couplemeal` VALUES (31,31,1,30,31);
INSERT INTO `statApi_couplemeal` VALUES (32,32,1,31,32);
INSERT INTO `statApi_couplemeal` VALUES (33,33,13,32,33);
INSERT INTO `statApi_couplemeal` VALUES (34,34,14,33,34);
INSERT INTO `statApi_couplemeal` VALUES (35,35,1,34,35);
INSERT INTO `statApi_couplemeal` VALUES (36,36,1,35,36);
INSERT INTO `statApi_couplemeal` VALUES (37,37,1,36,37);
INSERT INTO `statApi_couplemeal` VALUES (38,38,1,37,38);
INSERT INTO `statApi_couplemeal` VALUES (39,39,15,38,39);
INSERT INTO `statApi_couplemeal` VALUES (40,40,1,39,40);
INSERT INTO `statApi_couplemeal` VALUES (41,41,16,40,41);
INSERT INTO `statApi_couplemeal` VALUES (42,42,17,41,42);
INSERT INTO `statApi_couplemeal` VALUES (43,43,11,42,43);
INSERT INTO `statApi_couplemeal` VALUES (44,44,1,43,44);
INSERT INTO `statApi_couplemeal` VALUES (45,45,1,44,45);
CREATE TABLE "statApi_couple" ("id" integer NOT NULL PRIMARY KEY AUTOINCREMENT, "ageRange" varchar(6) NOT NULL, "sexPref" varchar(15) NOT NULL, "mrtlStat" varchar(15) NOT NULL, "mrtlLength" varchar(15) NOT NULL, "theme" varchar(30) NOT NULL, "foodEth" varchar(30) NOT NULL, "coupleMeal_id" integer NOT NULL REFERENCES "statApi_couplemeal" ("id"), "episode_id" integer NOT NULL REFERENCES "statApi_episode" ("id"), "nightNumber" integer NOT NULL);
INSERT INTO `statApi_couple` VALUES (1,'18-34','straight','engaged','1 year','candy','British',1,1,1);
INSERT INTO `statApi_couple` VALUES (2,'35-54','straight','married','unknown','French','French',2,1,2);
INSERT INTO `statApi_couple` VALUES (3,'55+','straight','married','unknown','Scottish','Scottish',3,1,3);
INSERT INTO `statApi_couple` VALUES (4,'35-54','straight','unknown','unknown','Country Cooking','British',4,2,1);
INSERT INTO `statApi_couple` VALUES (5,'55+','straight','dating','7 years','Fine Dining','Fine Dining',5,2,2);
INSERT INTO `statApi_couple` VALUES (6,'18-34','straight','dating','unknown','Red Carpet','British',6,2,3);
INSERT INTO `statApi_couple` VALUES (7,'18-34','straight','dating','1 year','Welsh','Welsh',7,3,1);
INSERT INTO `statApi_couple` VALUES (8,'35-54','gay','dating','4 years','Malaysian','Malaysian',8,3,2);
INSERT INTO `statApi_couple` VALUES (9,'55+','straight','dating','unknown','Sixities','British',9,3,3);
INSERT INTO `statApi_couple` VALUES (10,'18-34','straight','married','unknown','none','British',10,4,1);
INSERT INTO `statApi_couple` VALUES (11,'18-34','straight','unknown','unknown','none','British',11,4,2);
INSERT INTO `statApi_couple` VALUES (12,'35-54','straight','married','9 years','none','Persian',12,4,3);
INSERT INTO `statApi_couple` VALUES (13,'18-34','straight','engaged','8 years','none','British',13,5,1);
INSERT INTO `statApi_couple` VALUES (14,'18-34','straight','dating','unknown','none','British',14,5,2);
INSERT INTO `statApi_couple` VALUES (15,'55+','straight','married','26 years','none','British',15,5,3);
INSERT INTO `statApi_couple` VALUES (16,'35-54','straight','married','unknown','none','British',16,6,1);
INSERT INTO `statApi_couple` VALUES (17,'18-34','straight','engaged','unknown','none','International',17,6,2);
INSERT INTO `statApi_couple` VALUES (18,'55+','straight','married','unknown','none','International',18,6,3);
INSERT INTO `statApi_couple` VALUES (19,'18-34','straight','dating','1.5 years','Experimental Oriental','Asian',19,7,1);
INSERT INTO `statApi_couple` VALUES (20,'35-54','gay','married','unknown','Black Tie','Mediterranean',20,7,2);
INSERT INTO `statApi_couple` VALUES (21,'55+','straight','married','6 years','Best Shoes','International',21,7,3);
INSERT INTO `statApi_couple` VALUES (22,'18-34','straight','dating','1 year','none','Healthy British',22,8,1);
INSERT INTO `statApi_couple` VALUES (23,'35-54','straight','married','22 years','none','Italian',23,8,2);
INSERT INTO `statApi_couple` VALUES (24,'35-54','straight','dating','9 years','none','British',24,8,3);
INSERT INTO `statApi_couple` VALUES (25,'18-34','straight','married','6 years','none','British',25,9,1);
INSERT INTO `statApi_couple` VALUES (26,'18-34','straight','dating','.5 years','none','Jamaican',26,9,2);
INSERT INTO `statApi_couple` VALUES (27,'18-34','straight','engaged','unknown','none','British',27,9,3);
INSERT INTO `statApi_couple` VALUES (28,'18-34','straight','dating','unknown','none','British',28,10,1);
INSERT INTO `statApi_couple` VALUES (29,'55+','straight','married','5 years','none','French',29,10,2);
INSERT INTO `statApi_couple` VALUES (30,'55+','straight','married','unknown','none','British',30,10,3);
INSERT INTO `statApi_couple` VALUES (31,'18-34','gay','dating','unknown','none','British',31,11,1);
INSERT INTO `statApi_couple` VALUES (32,'18-34','straight','dating','12 years','none','Fine Dining',32,11,2);
INSERT INTO `statApi_couple` VALUES (33,'35-54','straight','engaged','unknown','none','International',33,11,3);
INSERT INTO `statApi_couple` VALUES (34,'35-54','straight','married','unknown','German','German',34,12,1);
INSERT INTO `statApi_couple` VALUES (35,'18-34','straight','engaged','unknown','none','British',35,12,2);
INSERT INTO `statApi_couple` VALUES (36,'35-54','straight','married','unknown','none','Caribbean',36,12,3);
INSERT INTO `statApi_couple` VALUES (37,'35-54','straight','married','unknown','none','Italian',37,13,1);
INSERT INTO `statApi_couple` VALUES (38,'35-54','straight','married','7 years','none','British',38,13,2);
INSERT INTO `statApi_couple` VALUES (39,'18-34','straight','married','3 years','none','Scottish/Indian',39,13,3);
INSERT INTO `statApi_couple` VALUES (40,'35-54','straight','married','29 years','none','British',40,14,1);
INSERT INTO `statApi_couple` VALUES (41,'35-54','straight','married','10 years','none','Mexican',41,14,2);
INSERT INTO `statApi_couple` VALUES (42,'18-34','straight','dating','3 years','none','Japanese',42,14,3);
INSERT INTO `statApi_couple` VALUES (43,'55+','straight','dating','4 years','none','Spanish',43,15,1);
INSERT INTO `statApi_couple` VALUES (44,'18-34','straight','dating','5 years','none','Caribbean',44,15,2);
INSERT INTO `statApi_couple` VALUES (45,'35-54','straight','married','3 years','Mexican','Mexican',45,15,3);
CREATE TABLE "django_session" ("session_key" varchar(40) NOT NULL PRIMARY KEY, "session_data" text NOT NULL, "expire_date" datetime NOT NULL);
INSERT INTO `django_session` VALUES ('h76u5bceww8ense6nw6s65fa1naxlea3','OGJjYzgxOGNlZGRkZWViYjAwNmFjODBkZDIyOTBjNmEwYzU1OTNiNjp7Il9hdXRoX3VzZXJfaGFzaCI6IjIxM2M4ODc2M2VlODQ0NDZhOTFkOGJiMzI5NmI4ODcwMDEwYWViMGUiLCJfYXV0aF91c2VyX2JhY2tlbmQiOiJkamFuZ28uY29udHJpYi5hdXRoLmJhY2tlbmRzLk1vZGVsQmFja2VuZCIsIl9hdXRoX3VzZXJfaWQiOiIxIn0=','2016-09-26 21:00:47.463341');
INSERT INTO `django_session` VALUES ('rradtq8bd6mwfzig23pprrrn5zyy7a6z','YmY0NmJkYzNkZmM1NGM5YmQ2ZTNlMDQxMTNiNmQ4NGM3ZjhlNjk4Yjp7Il9hdXRoX3VzZXJfYmFja2VuZCI6ImRqYW5nby5jb250cmliLmF1dGguYmFja2VuZHMuTW9kZWxCYWNrZW5kIiwiX2F1dGhfdXNlcl9pZCI6IjEiLCJfYXV0aF91c2VyX2hhc2giOiIyMTNjODg3NjNlZTg0NDQ2YTkxZDhiYjMyOTZiODg3MDAxMGFlYjBlIn0=','2016-09-28 16:07:29.627641');
INSERT INTO `django_session` VALUES ('b5p4z9gope2pdou2pzzpqb5x9q163h6i','YmY0NmJkYzNkZmM1NGM5YmQ2ZTNlMDQxMTNiNmQ4NGM3ZjhlNjk4Yjp7Il9hdXRoX3VzZXJfYmFja2VuZCI6ImRqYW5nby5jb250cmliLmF1dGguYmFja2VuZHMuTW9kZWxCYWNrZW5kIiwiX2F1dGhfdXNlcl9pZCI6IjEiLCJfYXV0aF91c2VyX2hhc2giOiIyMTNjODg3NjNlZTg0NDQ2YTkxZDhiYjMyOTZiODg3MDAxMGFlYjBlIn0=','2016-09-28 18:32:03.588971');
CREATE TABLE "django_migrations" ("id" integer NOT NULL PRIMARY KEY AUTOINCREMENT, "app" varchar(255) NOT NULL, "name" varchar(255) NOT NULL, "applied" datetime NOT NULL);
INSERT INTO `django_migrations` VALUES (1,'contenttypes','0001_initial','2016-09-12 15:27:48.588336');
INSERT INTO `django_migrations` VALUES (2,'auth','0001_initial','2016-09-12 15:27:48.869585');
INSERT INTO `django_migrations` VALUES (3,'admin','0001_initial','2016-09-12 15:27:49.197709');
INSERT INTO `django_migrations` VALUES (4,'admin','0002_logentry_remove_auto_add','2016-09-12 15:27:49.416641');
INSERT INTO `django_migrations` VALUES (5,'contenttypes','0002_remove_content_type_name','2016-09-12 15:27:49.682088');
INSERT INTO `django_migrations` VALUES (6,'auth','0002_alter_permission_name_max_length','2016-09-12 15:27:49.916463');
INSERT INTO `django_migrations` VALUES (7,'auth','0003_alter_user_email_max_length','2016-09-12 15:27:50.150836');
INSERT INTO `django_migrations` VALUES (8,'auth','0004_alter_user_username_opts','2016-09-12 15:27:50.385395');
INSERT INTO `django_migrations` VALUES (9,'auth','0005_alter_user_last_login_null','2016-09-12 15:27:50.635226');
INSERT INTO `django_migrations` VALUES (10,'auth','0006_require_contenttypes_0002','2016-09-12 15:27:50.728975');
INSERT INTO `django_migrations` VALUES (11,'auth','0007_alter_validators_add_error_messages','2016-09-12 15:27:50.963521');
INSERT INTO `django_migrations` VALUES (12,'auth','0008_alter_user_username_max_length','2016-09-12 15:27:51.213352');
INSERT INTO `django_migrations` VALUES (13,'sessions','0001_initial','2016-09-12 15:27:51.463339');
INSERT INTO `django_migrations` VALUES (14,'statApi','0001_initial','2016-09-12 21:05:25.319396');
INSERT INTO `django_migrations` VALUES (15,'statApi','0002_auto_20160913_0901','2016-09-13 14:02:04.257098');
INSERT INTO `django_migrations` VALUES (16,'statApi','0003_auto_20160920_0931','2016-09-20 14:32:01.687773');
CREATE TABLE "django_content_type" ("id" integer NOT NULL PRIMARY KEY AUTOINCREMENT, "app_label" varchar(100) NOT NULL, "model" varchar(100) NOT NULL);
INSERT INTO `django_content_type` VALUES (1,'admin','logentry');
INSERT INTO `django_content_type` VALUES (2,'auth','permission');
INSERT INTO `django_content_type` VALUES (3,'auth','user');
INSERT INTO `django_content_type` VALUES (4,'auth','group');
INSERT INTO `django_content_type` VALUES (5,'contenttypes','contenttype');
INSERT INTO `django_content_type` VALUES (6,'sessions','session');
INSERT INTO `django_content_type` VALUES (7,'statApi','starter');
INSERT INTO `django_content_type` VALUES (8,'statApi','entree');
INSERT INTO `django_content_type` VALUES (9,'statApi','results');
INSERT INTO `django_content_type` VALUES (10,'statApi','couplemeal');
INSERT INTO `django_content_type` VALUES (11,'statApi','entertainment');
INSERT INTO `django_content_type` VALUES (12,'statApi','couple');
INSERT INTO `django_content_type` VALUES (13,'statApi','episode');
INSERT INTO `django_content_type` VALUES (14,'statApi','dessert');
CREATE TABLE "django_admin_log" ("id" integer NOT NULL PRIMARY KEY AUTOINCREMENT, "object_id" text NULL, "object_repr" varchar(200) NOT NULL, "action_flag" smallint unsigned NOT NULL, "change_message" text NOT NULL, "content_type_id" integer NULL REFERENCES "django_content_type" ("id"), "user_id" integer NOT NULL REFERENCES "auth_user" ("id"), "action_time" datetime NOT NULL);
CREATE TABLE "auth_user_user_permissions" ("id" integer NOT NULL PRIMARY KEY AUTOINCREMENT, "user_id" integer NOT NULL REFERENCES "auth_user" ("id"), "permission_id" integer NOT NULL REFERENCES "auth_permission" ("id"));
CREATE TABLE "auth_user_groups" ("id" integer NOT NULL PRIMARY KEY AUTOINCREMENT, "user_id" integer NOT NULL REFERENCES "auth_user" ("id"), "group_id" integer NOT NULL REFERENCES "auth_group" ("id"));
CREATE TABLE "auth_user" ("id" integer NOT NULL PRIMARY KEY AUTOINCREMENT, "password" varchar(128) NOT NULL, "last_login" datetime NULL, "is_superuser" bool NOT NULL, "first_name" varchar(30) NOT NULL, "last_name" varchar(30) NOT NULL, "email" varchar(254) NOT NULL, "is_staff" bool NOT NULL, "is_active" bool NOT NULL, "date_joined" datetime NOT NULL, "username" varchar(150) NOT NULL UNIQUE);
INSERT INTO `auth_user` VALUES (1,'pbkdf2_sha256$30000$3hllGSgQRkub$hiT46eqsvrX62EaVyKsETUsXTw54MnzJ8naweKQCf0A=','2016-09-14 18:32:03.485947',1,'','','riesru@gmail.com',1,1,'2016-09-12 15:39:34.525504','admin');
CREATE TABLE "auth_permission" ("id" integer NOT NULL PRIMARY KEY AUTOINCREMENT, "content_type_id" integer NOT NULL REFERENCES "django_content_type" ("id"), "codename" varchar(100) NOT NULL, "name" varchar(255) NOT NULL);
INSERT INTO `auth_permission` VALUES (1,1,'add_logentry','Can add log entry');
INSERT INTO `auth_permission` VALUES (2,1,'change_logentry','Can change log entry');
INSERT INTO `auth_permission` VALUES (3,1,'delete_logentry','Can delete log entry');
INSERT INTO `auth_permission` VALUES (4,2,'add_permission','Can add permission');
INSERT INTO `auth_permission` VALUES (5,2,'change_permission','Can change permission');
INSERT INTO `auth_permission` VALUES (6,2,'delete_permission','Can delete permission');
INSERT INTO `auth_permission` VALUES (7,3,'add_user','Can add user');
INSERT INTO `auth_permission` VALUES (8,3,'change_user','Can change user');
INSERT INTO `auth_permission` VALUES (9,3,'delete_user','Can delete user');
INSERT INTO `auth_permission` VALUES (10,4,'add_group','Can add group');
INSERT INTO `auth_permission` VALUES (11,4,'change_group','Can change group');
INSERT INTO `auth_permission` VALUES (12,4,'delete_group','Can delete group');
INSERT INTO `auth_permission` VALUES (13,5,'add_contenttype','Can add content type');
INSERT INTO `auth_permission` VALUES (14,5,'change_contenttype','Can change content type');
INSERT INTO `auth_permission` VALUES (15,5,'delete_contenttype','Can delete content type');
INSERT INTO `auth_permission` VALUES (16,6,'add_session','Can add session');
INSERT INTO `auth_permission` VALUES (17,6,'change_session','Can change session');
INSERT INTO `auth_permission` VALUES (18,6,'delete_session','Can delete session');
INSERT INTO `auth_permission` VALUES (19,7,'add_starter','Can add starter');
INSERT INTO `auth_permission` VALUES (20,7,'change_starter','Can change starter');
INSERT INTO `auth_permission` VALUES (21,7,'delete_starter','Can delete starter');
INSERT INTO `auth_permission` VALUES (22,8,'add_entree','Can add entree');
INSERT INTO `auth_permission` VALUES (23,8,'change_entree','Can change entree');
INSERT INTO `auth_permission` VALUES (24,8,'delete_entree','Can delete entree');
INSERT INTO `auth_permission` VALUES (25,9,'add_results','Can add results');
INSERT INTO `auth_permission` VALUES (26,9,'change_results','Can change results');
INSERT INTO `auth_permission` VALUES (27,9,'delete_results','Can delete results');
INSERT INTO `auth_permission` VALUES (28,10,'add_couplemeal','Can add couple meal');
INSERT INTO `auth_permission` VALUES (29,10,'change_couplemeal','Can change couple meal');
INSERT INTO `auth_permission` VALUES (30,10,'delete_couplemeal','Can delete couple meal');
INSERT INTO `auth_permission` VALUES (31,11,'add_entertainment','Can add entertainment');
INSERT INTO `auth_permission` VALUES (32,11,'change_entertainment','Can change entertainment');
INSERT INTO `auth_permission` VALUES (33,11,'delete_entertainment','Can delete entertainment');
INSERT INTO `auth_permission` VALUES (34,12,'add_couple','Can add couple');
INSERT INTO `auth_permission` VALUES (35,12,'change_couple','Can change couple');
INSERT INTO `auth_permission` VALUES (36,12,'delete_couple','Can delete couple');
INSERT INTO `auth_permission` VALUES (37,13,'add_episode','Can add episode');
INSERT INTO `auth_permission` VALUES (38,13,'change_episode','Can change episode');
INSERT INTO `auth_permission` VALUES (39,13,'delete_episode','Can delete episode');
INSERT INTO `auth_permission` VALUES (40,14,'add_dessert','Can add dessert');
INSERT INTO `auth_permission` VALUES (41,14,'change_dessert','Can change dessert');
INSERT INTO `auth_permission` VALUES (42,14,'delete_dessert','Can delete dessert');
CREATE TABLE "auth_group_permissions" ("id" integer NOT NULL PRIMARY KEY AUTOINCREMENT, "group_id" integer NOT NULL REFERENCES "auth_group" ("id"), "permission_id" integer NOT NULL REFERENCES "auth_permission" ("id"));
CREATE TABLE "auth_group" ("id" integer NOT NULL PRIMARY KEY AUTOINCREMENT, "name" varchar(80) NOT NULL UNIQUE);
CREATE INDEX "statApi_results_20abf7e9" ON "statApi_results" ("couple_id");
CREATE INDEX "statApi_couplemeal_d7ad0ab8" ON "statApi_couplemeal" ("dessert_id");
CREATE INDEX "statApi_couplemeal_2a0ea13a" ON "statApi_couplemeal" ("entree_id");
CREATE INDEX "statApi_couplemeal_11d91f21" ON "statApi_couplemeal" ("starter_id");
CREATE INDEX "statApi_couplemeal_01c24c4f" ON "statApi_couplemeal" ("entertainment_id");
CREATE INDEX "statApi_couple_9bbb848e" ON "statApi_couple" ("coupleMeal_id");
CREATE INDEX "statApi_couple_428f5982" ON "statApi_couple" ("episode_id");
CREATE INDEX "django_session_de54fa62" ON "django_session" ("expire_date");
CREATE UNIQUE INDEX "django_content_type_app_label_76bd3d3b_uniq" ON "django_content_type" ("app_label", "model");
CREATE INDEX "django_admin_log_e8701ad4" ON "django_admin_log" ("user_id");
CREATE INDEX "django_admin_log_417f1b1c" ON "django_admin_log" ("content_type_id");
CREATE UNIQUE INDEX "auth_user_user_permissions_user_id_14a6b632_uniq" ON "auth_user_user_permissions" ("user_id", "permission_id");
CREATE INDEX "auth_user_user_permissions_e8701ad4" ON "auth_user_user_permissions" ("user_id");
CREATE INDEX "auth_user_user_permissions_8373b171" ON "auth_user_user_permissions" ("permission_id");
CREATE UNIQUE INDEX "auth_user_groups_user_id_94350c0c_uniq" ON "auth_user_groups" ("user_id", "group_id");
CREATE INDEX "auth_user_groups_e8701ad4" ON "auth_user_groups" ("user_id");
CREATE INDEX "auth_user_groups_0e939a4f" ON "auth_user_groups" ("group_id");
CREATE UNIQUE INDEX "auth_permission_content_type_id_01ab375a_uniq" ON "auth_permission" ("content_type_id", "codename");
CREATE INDEX "auth_permission_417f1b1c" ON "auth_permission" ("content_type_id");
CREATE UNIQUE INDEX "auth_group_permissions_group_id_0cd325b0_uniq" ON "auth_group_permissions" ("group_id", "permission_id");
CREATE INDEX "auth_group_permissions_8373b171" ON "auth_group_permissions" ("permission_id");
CREATE INDEX "auth_group_permissions_0e939a4f" ON "auth_group_permissions" ("group_id");
COMMIT;
